,Trial number,Testcase,Alarm,Crash,Health,Operator log,Consistency,Differential,Custom,Is true alarm,CR change,Comment
,testrun-2024-02-18-15-43/trial-01-0000/0000,{},False,,,,,None,,,,
1,testrun-2024-02-18-15-43/trial-01-0000/0001,"{""field"": ""[\""spec\"", \""metadata\"", \""annotations\"", \""ACTOKEY\""]"", ""testcase"": ""string-change""}",True,message='Pod test-cluster-backup-khn6-r7ljv crashed',"message='pod: test-cluster-backup-khn6-r7ljv, pgo-76698867bf-b7qj9 container [operator] restart_count [1]'",,,None,,TRUE,Adding a dummy the actokey field in metadata annoation.,Please refer to the alarm-report.md for more details
,testrun-2024-02-18-15-43/trial-02-0000/0000,{},False,,,,,None,,,,
2,testrun-2024-02-18-15-43/trial-02-0000/0001,"{""field"": ""[\""spec\"", \""config\"", \""files\"", 0, \""configMap\"", \""name\""]"", ""testcase"": ""invalid-name""}",True,message='Pod test-cluster-backup-jrnq-8zxqh crashed',"message='statefulset: test-cluster-instance1-fvtw replicas [1] ready_replicas [None]\npod: test-cluster-backup-jrnq-8zxqh, test-cluster-backup-jrnq-dcl89, test-cluster-backup-jrnq-mrtj8, test-cluster-backup-jrnq-zpbg8, test-cluster-instance1-fvtw-0, pgo-76698867bf-npg5n container [operator] restart_count [4]'",,,None,,FALSE,Changing config map name to an invalid name.,test-cluster-backup is a job. Completed pod is marked as failed.
3,testrun-2024-02-18-15-43/trial-02-0001/0000,{},True,,message='pod: pgo-76698867bf-h6trs container [operator] restart_count [1]',,,None,,FALSE,No change is applied,test-cluster-backup is a job. Completed pod is marked as failed.
4,testrun-2024-02-18-15-43/trial-02-0002/0000,{},True,,"message='statefulset: test-cluster-instance1-ctcr replicas [0] ready_replicas [None], test-cluster-repo-host replicas [0] ready_replicas [None]\npod: test-cluster-instance1-ctcr-0'",,,None,,FALSE,No change is applied,Kind cluster is running slow. Multiple etcd request timeout happened.
,testrun-2024-02-18-15-43/trial-02-0003/0000,{},False,,,,,None,,,,
5,testrun-2024-02-18-15-43/trial-02-0003/0001,"{""field"": ""[\""spec\"", \""proxy\"", \""pgBouncer\"", \""containers\"", 0, \""envFrom\"", 0, \""secretRef\"", \""name\""]"", ""testcase"": ""invalid-name""}",True,,message='pod: pgo-76698867bf-4qdq9 container [operator] restart_count [1]',,,None,,FALSE,Changing the name of the secretRef used by pgBouncer container to an invalid one,test-cluster-backup is a job. Completed pod is marked as failed.
,testrun-2024-02-18-15-43/trial-02-0004/0000,{},False,,,,,None,,,,
6,testrun-2024-02-18-15-43/trial-02-0004/0001,"{""field"": ""[\""spec\"", \""dataSource\"", \""pgbackrest\"", \""tolerations\"", 0]"", ""testcase"": ""k8s-plain_toleration""}",True,message='Pod test-cluster-backup-6ktx-lb9pw crashed',"message='pod: test-cluster-backup-6ktx-lb9pw, test-cluster-backup-6ktx-qlzvt, test-cluster-backup-6ktx-wdg6m, test-cluster-pgbackrest-restore-5pc9f, test-cluster-pgbackrest-restore-grrdf, test-cluster-pgbackrest-restore-rm7lc, test-cluster-pgbackrest-restore-ttfgb, test-cluster-pgbackrest-restore-wqss5, test-cluster-pgbackrest-restore-zdld5, pgo-76698867bf-sbwbb container [operator] restart_count [3]'",,,None,,FALSE,Modifying the toleration object of pgbackrest. Acto was able to match this object to k8s toleration,test-cluster-backup is a job. Completed pod is marked as failed.
,testrun-2024-02-18-15-43/trial-02-0005/0000,{},False,,,,,None,,,,
7,testrun-2024-02-18-15-43/trial-02-0005/0001,"{""field"": ""[\""spec\"", \""dataSource\"", \""pgbackrest\"", \""tolerations\"", 0]"", ""testcase"": ""k8s-control_plane_toleration""}",True,message='Pod test-cluster-backup-5z7b-5cgch crashed',"message='pod: test-cluster-backup-5z7b-5cgch, test-cluster-backup-5z7b-gmgj9, test-cluster-backup-5z7b-pdhk7, test-cluster-pgbackrest-restore-2h4dd, test-cluster-pgbackrest-restore-7tdkz, test-cluster-pgbackrest-restore-9bjvj, test-cluster-pgbackrest-restore-dmgrq, test-cluster-pgbackrest-restore-lxtgx, test-cluster-pgbackrest-restore-rqg5l, pgo-76698867bf-qlpjb container [operator] restart_count [4]'",,,None,,FALSE,Modifying the toleration object of pgbackrest. Acto was able to match this object to k8s toleration,test-cluster-backup is a job. Completed pod is marked as failed.
,testrun-2024-02-18-15-43/trial-02-0006/0000,{},False,,,,,None,,,,
8,testrun-2024-02-18-15-43/trial-02-0006/0001,"{""field"": ""[\""spec\"", \""dataSource\"", \""pgbackrest\"", \""tolerations\"", 0]"", ""testcase"": ""k8s-invalid_toleration""}",True,message='Pod test-cluster-backup-985z-wcrdb crashed',"message='pod: test-cluster-backup-985z-wcrdb, pgo-76698867bf-rt8cg container [operator] restart_count [1]'",,,None,,FALSE,Changing the toleration object of pgbackrest to an invalid one. Acto was able to match this object to k8s toleration,test-cluster-backup is a job. Completed pod is marked as failed.
,testrun-2024-02-18-15-43/trial-02-0007/0000,{},False,,,,,None,,,,
9,testrun-2024-02-18-15-43/trial-02-0007/0001,"{""field"": ""[\""spec\"", \""monitoring\"", \""pgmonitor\"", \""exporter\"", \""configuration\"", 0, \""downwardAPI\"", \""items\"", 0, \""resourceFieldRef\"", \""divisor\""]"", ""testcase"": ""k8s-quantity_increase""}",True,message='Pod test-cluster-backup-bc9s-cbsh2 crashed',"message='statefulset: test-cluster-instance1-hpcw replicas [0] ready_replicas [None]\npod: test-cluster-backup-bc9s-cbsh2, pgo-76698867bf-8pg7c container [operator] restart_count [1]'",,,None,,FALSE,Increasing the postgres monitor's exposed metric divisor (aka. unit),test-cluster-backup is a job. Completed pod is marked as failed.
,testrun-2024-02-18-15-43/trial-02-0008/0000,{},False,,,,,None,,,,
10,testrun-2024-02-18-15-43/trial-02-0008/0001,"{""field"": ""[\""spec\"", \""monitoring\"", \""pgmonitor\"", \""exporter\"", \""configuration\"", 0, \""downwardAPI\"", \""items\"", 0, \""resourceFieldRef\"", \""divisor\""]"", ""testcase"": ""k8s-quantity_decrease""}",True,message='Pod test-cluster-backup-98js-qkmrc crashed',"message='statefulset: test-cluster-instance1-9r6p replicas [0] ready_replicas [None]\npod: test-cluster-backup-98js-qkmrc, pgo-76698867bf-q9nts container [operator] restart_count [1]'",,,None,,FALSE,Decreasing the postgres monitor's exposed metric divisor (aka. unit),test-cluster-backup is a job. Completed pod is marked as failed.
,testrun-2024-02-18-15-43/trial-02-0009/0000,{},False,,,,,None,,,,
11,testrun-2024-02-18-15-43/trial-02-0009/0001,"{""field"": ""[\""status\"", \""pgbackrest\"", \""repos\"", 0, \""stanzaCreated\""]"", ""testcase"": ""boolean-deletion""}",True,,message='pod: pgo-76698867bf-4tddv container [operator] restart_count [1]',,,None,,FALSE,Deletes the boolean value for stanzaCreated,test-cluster-backup is a job. Completed pod is marked as failed.
,testrun-2024-02-18-15-43/trial-02-0010/0000,{},False,,,,,None,,,,
12,testrun-2024-02-18-15-43/trial-02-0010/0001,"{""field"": ""[\""status\"", \""pgbackrest\"", \""repos\"", 0, \""stanzaCreated\""]"", ""testcase"": ""boolean-toggle-off""}",True,,message='pod: pgo-76698867bf-229dc container [operator] restart_count [1]',,,None,,FALSE,Toggles off  the boolean value for stanzaCreated,test-cluster-backup is a job. Completed pod is marked as failed.
,testrun-2024-02-18-15-43/trial-02-0011/0000,{},False,,,,,None,,,,
13,testrun-2024-02-18-15-43/trial-02-0011/0001,"{""field"": ""[\""status\"", \""pgbackrest\"", \""repos\"", 0, \""stanzaCreated\""]"", ""testcase"": ""boolean-toggle-on""}",True,,message='pod: pgo-76698867bf-wsv7n container [operator] restart_count [1]',,,None,,FALSE,Toggles on the boolean value for stanzaCreated,test-cluster-backup is a job. Completed pod is marked as failed.
,testrun-2024-02-18-15-43/trial-02-0012/0000,{},False,,,,,None,,,,
,testrun-2024-02-18-15-43/trial-02-0013/0000,{},False,,,,,None,,,,
14,testrun-2024-02-18-15-43/trial-02-0013/0001,"{""field"": ""[\""spec\"", \""userInterface\"", \""pgAdmin\"", \""dataVolumeClaimSpec\"", \""resources\"", \""requests\""]"", ""testcase"": ""object-empty""}",True,,message='pod: pgo-76698867bf-m6hgt container [operator] restart_count [1]',,,None,,FALSE,Changes data volume claim spec object to empty,test-cluster-backup is a job. Completed pod is marked as failed.
,testrun-2024-02-18-15-43/trial-02-0014/0000,{},False,,,,,None,,,,
15,testrun-2024-02-18-15-43/trial-02-0014/0001,"{""field"": ""[\""status\"", \""patroni\"", \""systemIdentifier\""]"", ""testcase"": ""string-deletion""}",True,,message='pod: pgo-76698867bf-rbfdv container [operator] restart_count [1]',,,None,,FALSE,Deletes patroni systemIdentifier,test-cluster-backup is a job. Completed pod is marked as failed.
,testrun-2024-02-18-15-43/trial-02-0015/0000,{},False,,,,,None,,,,
16,testrun-2024-02-18-15-43/trial-02-0015/0001,"{""field"": ""[\""status\"", \""patroni\"", \""systemIdentifier\""]"", ""testcase"": ""string-change""}",True,,message='pod: pgo-76698867bf-mpvqc container [operator] restart_count [1]',,,None,,FALSE,Changes patroni systemIdentifier,test-cluster-backup is a job. Completed pod is marked as failed.
,testrun-2024-02-18-15-43/trial-02-0016/0000,{},False,,,,,None,,,,
17,testrun-2024-02-18-15-43/trial-02-0016/0001,"{""field"": ""[\""status\"", \""patroni\"", \""systemIdentifier\""]"", ""testcase"": ""string-empty""}",True,,message='pod: pgo-76698867bf-z65h2 container [operator] restart_count [1]',,,None,,FALSE,Sets patroni systemIdentifier to empty,test-cluster-backup is a job. Completed pod is marked as failed.
,testrun-2024-02-18-15-43/trial-02-0017/0000,{},False,,,,,None,,,,
18,testrun-2024-02-18-15-43/trial-02-0017/0001,"{""field"": ""[\""spec\"", \""service\"", \""metadata\"", \""annotations\"", \""ACTOKEY\""]"", ""testcase"": ""string-deletion""}",True,,message='pod: pgo-76698867bf-wcxsj container [operator] restart_count [1]',,,None,,FALSE,Deletes ACTOKEY value in metadata annotation,test-cluster-backup is a job. Completed pod is marked as failed.
,testrun-2024-02-18-15-43/trial-02-0018/0000,{},False,,,,,None,,,,
19,testrun-2024-02-18-15-43/trial-02-0018/0001,"{""field"": ""[\""spec\"", \""service\"", \""metadata\"", \""annotations\"", \""ACTOKEY\""]"", ""testcase"": ""string-change""}",True,,message='pod: pgo-76698867bf-xh8b2 container [operator] restart_count [1]',,,None,,FALSE,Changes ACTOKEY value in metadata annotation,test-cluster-backup is a job. Completed pod is marked as failed.
,testrun-2024-02-18-15-43/trial-02-0019/0000,{},False,,,,,None,,,,
20,testrun-2024-02-18-15-43/trial-02-0019/0001,"{""field"": ""[\""spec\"", \""service\"", \""metadata\"", \""annotations\"", \""ACTOKEY\""]"", ""testcase"": ""string-empty""}",True,,message='pod: pgo-76698867bf-q299n container [operator] restart_count [1]',,,None,,FALSE,Sets ACTOKEY value in metadata annotation to empty,test-cluster-backup is a job. Completed pod is marked as failed.
,testrun-2024-02-18-15-43/trial-02-0020/0000,{},False,,,,,None,,,,
21,testrun-2024-02-18-15-43/trial-02-0020/0001,"{""field"": ""[\""spec\"", \""proxy\"", \""pgBouncer\"", \""sidecars\"", \""pgbouncerConfig\"", \""resources\"", \""requests\"", \""ACTOKEY\""]"", ""testcase"": ""integer-deletion""}",True,,message='pod: pgo-76698867bf-b4p9h container [operator] restart_count [1]',,,None,,FALSE,Modifies pgBouncer sidecar resource requests,test-cluster-backup is a job. Completed pod is marked as failed.
,testrun-2024-02-18-15-43/trial-02-0021/0000,{},False,,,,,None,,,,
22,testrun-2024-02-18-15-43/trial-02-0021/0001,"{""field"": ""[\""spec\"", \""proxy\"", \""pgBouncer\"", \""sidecars\"", \""pgbouncerConfig\"", \""resources\"", \""requests\"", \""ACTOKEY\""]"", ""testcase"": ""integer-change""}",True,,message='pod: pgo-76698867bf-pdwpw container [operator] restart_count [1]',,,None,,FALSE,Modifies pgBouncer sidecar resource requests,test-cluster-backup is a job. Completed pod is marked as failed.
,testrun-2024-02-18-15-43/trial-02-0022/0000,{},False,,,,,None,,,,
23,testrun-2024-02-18-15-43/trial-02-0022/0001,"{""field"": ""[\""spec\"", \""proxy\"", \""pgBouncer\"", \""sidecars\"", \""pgbouncerConfig\"", \""resources\"", \""requests\"", \""ACTOKEY\""]"", ""testcase"": ""string-deletion""}",True,,message='pod: pgo-76698867bf-7qt98 container [operator] restart_count [1]',,,None,,FALSE,Modifies pgBouncer sidecar resource requests,test-cluster-backup is a job. Completed pod is marked as failed.
,testrun-2024-02-18-15-43/trial-02-0023/0000,{},False,,,,,None,,,,
,testrun-2024-02-18-15-43/trial-02-0024/0000,{},False,,,,,None,,,,
24,testrun-2024-02-18-15-43/trial-02-0024/0001,"{""field"": ""[\""spec\"", \""proxy\"", \""pgBouncer\"", \""containers\""]"", ""testcase"": ""array-pop""}",True,,message='pod: pgo-76698867bf-whsjv container [operator] restart_count [1]',,,None,,FALSE,Modifies pgBouncer containers,test-cluster-backup is a job. Completed pod is marked as failed.
,testrun-2024-02-18-15-43/trial-02-0025/0000,{},False,,,,,None,,,,
25,testrun-2024-02-18-15-43/trial-02-0025/0001,"{""field"": ""[\""spec\"", \""proxy\"", \""pgBouncer\"", \""containers\""]"", ""testcase"": ""array-empty""}",True,,message='pod: pgo-76698867bf-gb4hn container [operator] restart_count [1]',,,None,,FALSE,Modifies pgBouncer containers,test-cluster-backup is a job. Completed pod is marked as failed.
,testrun-2024-02-18-15-43/trial-02-0026/0000,{},False,,,,,None,,,,
26,testrun-2024-02-18-15-43/trial-02-0026/0001,"{""field"": ""[\""spec\"", \""userInterface\"", \""pgAdmin\"", \""dataVolumeClaimSpec\"", \""volumeName\""]"", ""testcase"": ""string-deletion""}",True,,message='pod: pgo-76698867bf-cs2fr container [operator] restart_count [1]',,,None,,FALSE,Modifies pgBouncer containers,test-cluster-backup is a job. Completed pod is marked as failed.
,testrun-2024-02-18-15-43/trial-02-0027/0000,{},False,,,,,None,,,,
27,testrun-2024-02-18-15-43/trial-02-0027/0001,"{""field"": ""[\""spec\"", \""userInterface\"", \""pgAdmin\"", \""dataVolumeClaimSpec\"", \""volumeName\""]"", ""testcase"": ""string-change""}",True,,message='pod: pgo-76698867bf-q7b84 container [operator] restart_count [1]',,,None,,FALSE,Modifies pgAdmin data volume name,test-cluster-backup is a job. Completed pod is marked as failed.
,testrun-2024-02-18-15-43/trial-02-0028/0000,{},False,,,,,None,,,,
28,testrun-2024-02-18-15-43/trial-02-0028/0001,"{""field"": ""[\""spec\"", \""userInterface\"", \""pgAdmin\"", \""dataVolumeClaimSpec\"", \""volumeName\""]"", ""testcase"": ""string-empty""}",True,,message='pod: pgo-76698867bf-tfxqz container [operator] restart_count [1]',,,None,,FALSE,Modifies pgAdmin data volume name,test-cluster-backup is a job. Completed pod is marked as failed.
,testrun-2024-02-18-15-43/trial-02-0029/0000,{},False,,,,,None,,,,
,testrun-2024-02-18-15-43/trial-02-0029/0001,"{""field"": ""[\""spec\"", \""instances\"", 0, \""containers\""]"", ""testcase"": ""array-deletion""}",False,,,,,None,,,,
29,testrun-2024-02-18-15-43/trial-02-0029/0002,"{""field"": """", ""testcase"": ""revert""}",True,,message='pod: pgo-76698867bf-tssxz container [operator] restart_count [1]',,,None,,FALSE,Not what this one is doing since field name is empty,test-cluster-backup is a job. Completed pod is marked as failed.
30,testrun-2024-02-18-15-43/trial-02-0029/0003,"{""field"": ""[\""spec\"", \""instances\"", 0, \""containers\""]"", ""testcase"": ""array-push""}",True,,message='pod: pgo-76698867bf-tssxz container [operator] restart_count [2]',,,None,,FALSE,Modifies containers in instances by pushing in one more object,test-cluster-backup is a job. Completed pod is marked as failed.
,testrun-2024-02-18-15-43/trial-02-0030/0000,{},False,,,,,None,,,,
31,testrun-2024-02-18-15-43/trial-02-0030/0001,"{""field"": ""[\""spec\"", \""instances\"", 0, \""containers\""]"", ""testcase"": ""array-pop""}",True,,message='pod: pgo-76698867bf-fqh2v container [operator] restart_count [1]',,,None,,FALSE,Modifies containers in instances by poping out one more object,test-cluster-backup is a job. Completed pod is marked as failed.
,testrun-2024-02-18-15-43/trial-02-0031/0000,{},False,,,,,None,,,,
32,testrun-2024-02-18-15-43/trial-02-0031/0001,"{""field"": ""[\""spec\"", \""instances\"", 0, \""containers\""]"", ""testcase"": ""array-empty""}",True,,message='pod: pgo-76698867bf-r5smb container [operator] restart_count [1]',,,None,,FALSE,Empties containers in instances,test-cluster-backup is a job. Completed pod is marked as failed.
,testrun-2024-02-18-15-43/trial-02-0032/0000,{},False,,,,,None,,,,
33,testrun-2024-02-18-15-43/trial-02-0032/0001,"{""field"": ""[\""status\"", \""pgbackrest\"", \""manualBackup\"", \""finished\""]"", ""testcase"": ""boolean-deletion""}",True,,message='pod: pgo-76698867bf-ffs2s container [operator] restart_count [1]',,,None,,FALSE,Deletes the boolean field of manualBackup.finished,test-cluster-backup is a job. Completed pod is marked as failed.
,testrun-2024-02-18-15-43/trial-02-0033/0000,{},False,,,,,None,,,,
,testrun-2024-02-18-15-43/trial-02-0034/0000,{},False,,,,,None,,,,
34,testrun-2024-02-18-15-43/trial-02-0034/0001,"{""field"": ""[\""spec\"", \""monitoring\"", \""pgmonitor\"", \""exporter\"", \""resources\"", \""requests\"", \""ACTOKEY\""]"", ""testcase"": ""integer-deletion""}",True,message='Pod test-cluster-backup-jlhj-nfpvp crashed',"message='statefulset: test-cluster-instance1-w4h7 replicas [0] ready_replicas [None]\npod: test-cluster-backup-jlhj-nfpvp, pgo-76698867bf-h25j6 container [operator] restart_count [1]'",,,None,,FALSE,Changing the actokey field in metadata annoation.,test-cluster-backup is a job. Completed pod is marked as failed.
,testrun-2024-02-18-15-43/trial-02-0035/0000,{},False,,,,,None,,,,
35,testrun-2024-02-18-15-43/trial-02-0035/0001,"{""field"": ""[\""spec\"", \""monitoring\"", \""pgmonitor\"", \""exporter\"", \""resources\"", \""requests\"", \""ACTOKEY\""]"", ""testcase"": ""integer-change""}",True,message='Pod test-cluster-backup-vp2b-bsv5t crashed',"message='statefulset: test-cluster-instance1-6gsb replicas [0] ready_replicas [None]\npod: test-cluster-backup-vp2b-bsv5t, pgo-76698867bf-5ctzs container [operator] restart_count [1]'",,,None,,FALSE,Modifies pgmonitor resource request,test-cluster-backup is a job. Completed pod is marked as failed.
,testrun-2024-02-18-15-43/trial-02-0036/0000,{},False,,,,,None,,,,
36,testrun-2024-02-18-15-43/trial-02-0036/0001,"{""field"": ""[\""spec\"", \""monitoring\"", \""pgmonitor\"", \""exporter\"", \""resources\"", \""requests\"", \""ACTOKEY\""]"", ""testcase"": ""string-deletion""}",True,message='Pod test-cluster-backup-chkq-c685p crashed',"message='statefulset: test-cluster-instance1-9spp replicas [0] ready_replicas [None]\npod: test-cluster-backup-chkq-c685p, pgo-76698867bf-5fdlh container [operator] restart_count [1]'",,,None,,FALSE,Modifies pgmonitor resource request,test-cluster-backup is a job. Completed pod is marked as failed.
,testrun-2024-02-18-15-43/trial-02-0037/0000,{},False,,,,,None,,,,
37,testrun-2024-02-18-15-43/trial-02-0037/0001,"{""field"": ""[\""spec\"", \""monitoring\"", \""pgmonitor\"", \""exporter\"", \""resources\"", \""requests\"", \""ACTOKEY\""]"", ""testcase"": ""string-change""}",True,message='Pod test-cluster-backup-cfv5-d8lgt crashed',"message='statefulset: test-cluster-instance1-ftrv replicas [0] ready_replicas [None]\npod: test-cluster-backup-cfv5-d8lgt, pgo-76698867bf-2jvfc container [operator] restart_count [1]'",,,None,,FALSE,Modifies pgmonitor resource request,test-cluster-backup is a job. Completed pod is marked as failed.
,testrun-2024-02-18-15-43/trial-02-0038/0000,{},False,,,,,None,,,,
38,testrun-2024-02-18-15-43/trial-02-0038/0001,"{""field"": ""[\""spec\"", \""instances\"", 0, \""dataVolumeClaimSpec\"", \""resources\"", \""limits\""]"", ""testcase"": ""object-deletion""}",True,,message='pod: pgo-76698867bf-5454n container [operator] restart_count [1]',,"message='Found no matching fields for input' input_diff=Diff(prev='NotPresent', curr='-.9P', path=[""spec"", ""instances"", 0, ""dataVolumeClaimSpec"", ""resources"", ""limits"", ""ACTOKEY""]) system_state_diff=None",None,,FALSE,Deletes data volume claim object,test-cluster-backup is a job. Completed pod is marked as failed.
,testrun-2024-02-18-15-43/trial-02-0039/0000,{},False,,,,,None,,,,
39,testrun-2024-02-18-15-43/trial-02-0039/0001,"{""field"": ""[\""spec\"", \""instances\"", 0, \""dataVolumeClaimSpec\"", \""resources\"", \""limits\""]"", ""testcase"": ""object-empty""}",True,,message='pod: pgo-76698867bf-bsvk7 container [operator] restart_count [1]',,,None,,FALSE,Sets data voume claim to be empty,test-cluster-backup is a job. Completed pod is marked as failed.
,testrun-2024-02-18-15-43/trial-02-0040/0000,{},False,,,,,None,,,,
40,testrun-2024-02-18-15-43/trial-02-0040/0001,"{""field"": ""[\""spec\"", \""instances\"", 0, \""metadata\"", \""annotations\"", \""ACTOKEY\""]"", ""testcase"": ""string-deletion""}",True,message='Pod test-cluster-backup-pfkw-9r2fd crashed',"message='pod: test-cluster-backup-pfkw-9r2fd, pgo-76698867bf-kh8w9 container [operator] restart_count [1]'",,,None,,FALSE,Deletes the actokey field in metadata annoation.,test-cluster-backup is a job. Completed pod is marked as failed.
,testrun-2024-02-18-15-43/trial-02-0041/0000,{},False,,,,,None,,,,
41,testrun-2024-02-18-15-43/trial-02-0041/0001,"{""field"": ""[\""spec\"", \""instances\"", 0, \""metadata\"", \""annotations\"", \""ACTOKEY\""]"", ""testcase"": ""string-change""}",True,message='Pod test-cluster-backup-qwwh-cdcmc crashed',"message='pod: test-cluster-backup-qwwh-cdcmc, pgo-76698867bf-9xqmn container [operator] restart_count [1]'",,,None,,FALSE,Changing the actokey field in metadata annoation.,test-cluster-backup is a job. Completed pod is marked as failed.
,testrun-2024-02-18-15-43/trial-02-0042/0000,{},False,,,,,None,,,,
42,testrun-2024-02-18-15-43/trial-02-0042/0001,"{""field"": ""[\""spec\"", \""instances\"", 0, \""metadata\"", \""annotations\"", \""ACTOKEY\""]"", ""testcase"": ""string-empty""}",True,message='Pod test-cluster-backup-2zfn-2t9bm crashed',"message='pod: test-cluster-backup-2zfn-2t9bm, test-cluster-backup-2zfn-9fb4j, pgo-76698867bf-lp5hr container [operator] restart_count [2]'",,,None,,FALSE,Feeds empty value for actokey field in metadata annoation.,test-cluster-backup is a job. Completed pod is marked as failed.
,testrun-2024-02-18-15-43/trial-02-0043/0000,{},False,,,,,None,,,,
,testrun-2024-02-18-15-43/trial-02-0044/0000,{},False,,,,,None,,,,
43,testrun-2024-02-18-15-43/trial-02-0044/0001,"{""field"": ""[\""spec\"", \""instances\"", 0, \""containers\"", 0, \""volumeMounts\""]"", ""testcase"": ""array-push""}",True,,message='pod: pgo-76698867bf-wvgjs container [operator] restart_count [1]',,,None,,FALSE,Adds one element to volume mounts,test-cluster-backup is a job. Completed pod is marked as failed.
,testrun-2024-02-18-15-43/trial-02-0045/0000,{},False,,,,,None,,,,
44,testrun-2024-02-18-15-43/trial-02-0045/0001,"{""field"": ""[\""spec\"", \""instances\"", 0, \""containers\"", 0, \""volumeMounts\""]"", ""testcase"": ""array-pop""}",True,,message='pod: pgo-76698867bf-tk5bd container [operator] restart_count [1]',,,None,,FALSE,Pops one element from volume mounts,test-cluster-backup is a job. Completed pod is marked as failed.
,testrun-2024-02-18-15-43/trial-02-0046/0000,{},False,,,,,None,,,,
45,testrun-2024-02-18-15-43/trial-02-0046/0001,"{""field"": ""[\""spec\"", \""instances\"", 0, \""containers\"", 0, \""volumeMounts\""]"", ""testcase"": ""array-empty""}",True,,message='pod: pgo-76698867bf-pgbnc container [operator] restart_count [1]',,,None,,FALSE,Empties the array of voume mounts,test-cluster-backup is a job. Completed pod is marked as failed.
,testrun-2024-02-18-15-43/trial-02-0047/0000,{},False,,,,,None,,,,
46,testrun-2024-02-18-15-43/trial-02-0047/0001,"{""field"": ""[\""spec\"", \""proxy\"", \""pgBouncer\"", \""replicas\""]"", ""testcase"": ""k8s-invalid_replicas""}",True,,message='pod: pgo-76698867bf-5cn2g container [operator] restart_count [1]',,,None,,FALSE,Sets pgBouncer replica number to be some invalid number,test-cluster-backup is a job. Completed pod is marked as failed.
,testrun-2024-02-18-15-43/trial-02-0048/0000,{},False,,,,,None,,,,
47,testrun-2024-02-18-15-43/trial-02-0048/0001,"{""field"": ""[\""spec\"", \""proxy\"", \""pgBouncer\"", \""replicas\""]"", ""testcase"": ""k8s-scaleDownUp""}",True,,message='pod: pgo-76698867bf-lk7qf container [operator] restart_count [1]',,,None,,FALSE,Increase pgBouncer replica number,test-cluster-backup is a job. Completed pod is marked as failed.
,testrun-2024-02-18-15-43/trial-02-0049/0000,{},False,,,,,None,,,,
48,testrun-2024-02-18-15-43/trial-02-0049/0001,"{""field"": ""[\""spec\"", \""proxy\"", \""pgBouncer\"", \""replicas\""]"", ""testcase"": ""k8s-scaleUpDown""}",True,,message='pod: pgo-76698867bf-lkplk container [operator] restart_count [1]',,,None,,FALSE,Decrease pgBouncer replica number,test-cluster-backup is a job. Completed pod is marked as failed.
,testrun-2024-02-18-15-43/trial-02-0050/0000,{},False,,,,,None,,,,
49,testrun-2024-02-18-15-43/trial-02-0050/0001,"{""field"": ""[\""spec\"", \""proxy\"", \""pgBouncer\"", \""replicas\""]"", ""testcase"": ""k8s-overload""}",True,message='Pod pgo-76698867bf-phbgr crashed',"message='deployment: pgo replicas [1] ready_replicas [None], pgo condition [Available] status [False] message [Deployment does not have minimum availability.], test-cluster-pgbouncer replicas [1000] ready_replicas [321], test-cluster-pgbouncer condition [Available] status [False] message [Deployment does not have minimum availability.]\npod: pgo-76698867bf-phbgr container [operator] restart_count [3]'",,,None,,TRUE,Overloads the k8s system with high pgbouncer replica numbers,"System is overloaded and Postgres operator is unable to reply to heartbeat requests in time, which results in K8s cycling the pod. The operator is unable to be scheduled due to cluster reaching physical limit."
,testrun-2024-02-18-15-43/trial-02-0051/0000,{},False,,,,,None,,,,
50,testrun-2024-02-18-15-43/trial-02-0051/0001,"{""field"": ""[\""spec\"", \""dataSource\"", \""pgbackrest\"", \""configuration\""]"", ""testcase"": ""array-deletion""}",True,message='Pod test-cluster-backup-zplg-qnhvb crashed',"message='pod: test-cluster-backup-zplg-qnhvb, pgo-76698867bf-8xzvc container [operator] restart_count [1]'",,,None,,FALSE,Deletes pgbackup config,test-cluster-backup is a job. Completed pod is marked as failed.
,testrun-2024-02-18-15-43/trial-02-0052/0000,{},False,,,,,None,,,,
51,testrun-2024-02-18-15-43/trial-02-0052/0001,"{""field"": ""[\""spec\"", \""dataSource\"", \""pgbackrest\"", \""configuration\""]"", ""testcase"": ""array-push""}",True,message='Pod test-cluster-backup-wfht-6689l crashed',"message='pod: test-cluster-backup-wfht-6689l, test-cluster-backup-wfht-82l76, test-cluster-backup-wfht-sl9tm, test-cluster-pgbackrest-restore-24v8l, test-cluster-pgbackrest-restore-2qnfx, test-cluster-pgbackrest-restore-h2fpx, test-cluster-pgbackrest-restore-knttm, test-cluster-pgbackrest-restore-nnr4w, test-cluster-pgbackrest-restore-phx5f, pgo-76698867bf-qw9dc container [operator] restart_count [4]'",,,None,,FALSE,Add one pgbackup config element,test-cluster-backup is a job. Completed pod is marked as failed.
,testrun-2024-02-18-15-43/trial-02-0053/0000,{},False,,,,,None,,,,
52,testrun-2024-02-18-15-43/trial-02-0053/0001,"{""field"": ""[\""spec\"", \""dataSource\"", \""pgbackrest\"", \""configuration\""]"", ""testcase"": ""array-pop""}",True,message='Pod test-cluster-backup-kt4d-5nchv crashed',"message='pod: test-cluster-backup-kt4d-5nchv, test-cluster-backup-kt4d-ch9tq, test-cluster-backup-kt4d-vx954, pgo-76698867bf-qg8dv container [operator] restart_count [3]'",,,None,,FALSE,Deletes one element from pgbackup config,test-cluster-backup is a job. Completed pod is marked as failed.
,testrun-2024-02-18-15-43/trial-02-0054/0000,{},False,,,,,None,,,,
,testrun-2024-02-18-15-43/trial-02-0055/0000,{},False,,,,,None,,,,
53,testrun-2024-02-18-15-43/trial-02-0055/0001,"{""field"": ""[\""spec\"", \""proxy\"", \""pgBouncer\"", \""service\"", \""metadata\"", \""labels\""]"", ""testcase"": ""object-deletion""}",True,,message='pod: pgo-76698867bf-zqlxn container [operator] restart_count [1]',,,None,,FALSE,Deletes metadata labels from pgBouncer service,test-cluster-backup is a job. Completed pod is marked as failed.
,testrun-2024-02-18-15-43/trial-02-0056/0000,{},False,,,,,None,,,,
54,testrun-2024-02-18-15-43/trial-02-0056/0001,"{""field"": ""[\""spec\"", \""proxy\"", \""pgBouncer\"", \""service\"", \""metadata\"", \""labels\""]"", ""testcase"": ""object-empty""}",True,,message='pod: pgo-76698867bf-lnjnc container [operator] restart_count [1]',,,None,,FALSE,Sets metadata labels object of pgBouncer service to be empty,test-cluster-backup is a job. Completed pod is marked as failed.
,testrun-2024-02-18-15-43/trial-02-0057/0000,{},False,,,,,None,,,,
55,testrun-2024-02-18-15-43/trial-02-0057/0001,"{""field"": ""[\""spec\"", \""instances\"", 0, \""tablespaceVolumes\"", 0, \""dataVolumeClaimSpec\"", \""accessModes\"", 0]"", ""testcase"": ""string-deletion""}",True,,message='pod: pgo-76698867bf-4b2z9 container [operator] restart_count [1]',,,None,,FALSE,Deletes accessModes value,test-cluster-backup is a job. Completed pod is marked as failed.
,testrun-2024-02-18-15-43/trial-02-0058/0000,{},False,,,,,None,,,,
56,testrun-2024-02-18-15-43/trial-02-0058/0001,"{""field"": ""[\""spec\"", \""instances\"", 0, \""tablespaceVolumes\"", 0, \""dataVolumeClaimSpec\"", \""accessModes\"", 0]"", ""testcase"": ""string-change""}",True,,message='pod: pgo-76698867bf-9bvm9 container [operator] restart_count [1]',,,None,,FALSE,Changes accessMode value,test-cluster-backup is a job. Completed pod is marked as failed.
,testrun-2024-02-18-15-43/trial-02-0059/0000,{},False,,,,,None,,,,
57,testrun-2024-02-18-15-43/trial-02-0059/0001,"{""field"": ""[\""spec\"", \""instances\"", 0, \""tablespaceVolumes\"", 0, \""dataVolumeClaimSpec\"", \""accessModes\"", 0]"", ""testcase"": ""string-empty""}",True,,message='pod: pgo-76698867bf-7n8th container [operator] restart_count [1]',,,None,,FALSE,Sets accessMode field to be empty,test-cluster-backup is a job. Completed pod is marked as failed.
,testrun-2024-02-18-15-43/trial-02-0060/0000,{},False,,,,,None,,,,
58,testrun-2024-02-18-15-43/trial-02-0060/0001,"{""field"": ""[\""spec\"", \""userInterface\"", \""pgAdmin\"", \""config\"", \""files\"", 0, \""configMap\"", \""name\""]"", ""testcase"": ""invalid-name""}",True,,message='pod: pgo-76698867bf-7xbzd container [operator] restart_count [1]',,,None,,FALSE,Sets the configMap name of pgAdmin to be an invalid value,test-cluster-backup is a job. Completed pod is marked as failed.
,testrun-2024-02-18-15-43/trial-02-0061/0000,{},False,,,,,None,,,,
59,testrun-2024-02-18-15-43/trial-02-0061/0001,"{""field"": ""[\""spec\"", \""backups\"", \""pgbackrest\"", \""repos\"", 0, \""schedules\""]"", ""testcase"": ""object-deletion""}",True,,message='pod: pgo-76698867bf-gmlpz container [operator] restart_count [1]',,,None,,FALSE,Deletes the repo object from pgbackrest repos,test-cluster-backup is a job. Completed pod is marked as failed.
,testrun-2024-02-18-15-43/trial-02-0062/0000,{},False,,,,,None,,,,
60,testrun-2024-02-18-15-43/trial-02-0062/0001,"{""field"": ""[\""spec\"", \""backups\"", \""pgbackrest\"", \""repos\"", 0, \""schedules\""]"", ""testcase"": ""object-empty""}",True,,message='pod: pgo-76698867bf-m6qvx container [operator] restart_count [1]',,,None,,FALSE,Sets the repo object from pgbackrest repos to be empty,test-cluster-backup is a job. Completed pod is marked as failed.
,testrun-2024-02-18-15-43/trial-02-0063/0000,{},False,,,,,None,,,,
61,testrun-2024-02-18-15-43/trial-02-0063/0001,"{""field"": ""[\""spec\"", \""proxy\"", \""pgBouncer\"", \""config\"", \""global\""]"", ""testcase"": ""object-deletion""}",True,message='Pod test-cluster-pgbouncer-7b46d4487f-v2kmx crashed',"message='deployment: test-cluster-pgbouncer replicas [1] ready_replicas [None], test-cluster-pgbouncer condition [Available] status [False] message [Deployment does not have minimum availability.]\npod: pgo-76698867bf-rbkhc container [operator] restart_count [4], test-cluster-pgbouncer-7b46d4487f-v2kmx container [pgbouncer] restart_count [6]'",,,None,,FALSE,"Sets pgBouncer config object with invalid value ""ACTOKEY""",pgBouncer complains about an invalid configuration value actokey
,testrun-2024-02-18-15-43/trial-02-0064/0000,{},False,,,,,None,,,,
62,testrun-2024-02-18-15-43/trial-02-0064/0001,"{""field"": ""[\""spec\"", \""proxy\"", \""pgBouncer\"", \""config\"", \""global\""]"", ""testcase"": ""object-empty""}",True,,message='pod: pgo-76698867bf-w76s5 container [operator] restart_count [1]',,,None,,FALSE,Sets pgBouncer config to be an empty object,test-cluster-backup is a job. Completed pod is marked as failed.
,testrun-2024-02-18-15-43/trial-02-0065/0000,{},False,,,,,None,,,,
,testrun-2024-02-18-15-43/trial-02-0066/0000,{},False,,,,,None,,,,
63,testrun-2024-02-18-15-43/trial-02-0066/0001,"{""field"": ""[\""spec\"", \""instances\"", 0, \""containers\"", 0, \""command\""]"", ""testcase"": ""array-pop""}",True,,message='pod: pgo-76698867bf-hn2bx container [operator] restart_count [1]',,,None,,FALSE,Pops an element from pgBouncer global config,test-cluster-backup is a job. Completed pod is marked as failed.
,testrun-2024-02-18-15-43/trial-02-0067/0000,{},False,,,,,None,,,,
64,testrun-2024-02-18-15-43/trial-02-0067/0001,"{""field"": ""[\""spec\"", \""instances\"", 0, \""containers\"", 0, \""command\""]"", ""testcase"": ""array-empty""}",True,,message='pod: pgo-76698867bf-gvs9p container [operator] restart_count [1]',,,None,,FALSE,Sets pgBouncer global config array to be empty,test-cluster-backup is a job. Completed pod is marked as failed.
,testrun-2024-02-18-15-43/trial-02-0068/0000,{},False,,,,,None,,,,
65,testrun-2024-02-18-15-43/trial-02-0068/0001,"{""field"": ""[\""status\"", \""instances\"", 0]"", ""testcase"": ""object-deletion""}",True,,message='pod: pgo-76698867bf-fcplq container [operator] restart_count [1]',,,None,,FALSE,Deletes instances,test-cluster-backup is a job. Completed pod is marked as failed.
,testrun-2024-02-18-15-43/trial-02-0069/0000,{},False,,,,,None,,,,
66,testrun-2024-02-18-15-43/trial-02-0069/0001,"{""field"": ""[\""status\"", \""instances\"", 0]"", ""testcase"": ""object-empty""}",True,,message='pod: pgo-76698867bf-v4xf2 container [operator] restart_count [1]',,,None,,FALSE,Sets instances to be empty,test-cluster-backup is a job. Completed pod is marked as failed.
,testrun-2024-02-18-15-43/trial-02-0070/0000,{},False,,,,,None,,,,
67,testrun-2024-02-18-15-43/trial-02-0070/0001,"{""field"": ""[\""status\"", \""usersRevision\""]"", ""testcase"": ""string-deletion""}",True,,message='pod: pgo-76698867bf-h747d container [operator] restart_count [1]',,,None,,FALSE,Deletes usersRevision value,test-cluster-backup is a job. Completed pod is marked as failed.
,testrun-2024-02-18-15-43/trial-02-0071/0000,{},False,,,,,None,,,,
68,testrun-2024-02-18-15-43/trial-02-0071/0001,"{""field"": ""[\""status\"", \""usersRevision\""]"", ""testcase"": ""string-change""}",True,,message='pod: pgo-76698867bf-9t5c2 container [operator] restart_count [1]',,,None,,FALSE,Changes usersRevision value,test-cluster-backup is a job. Completed pod is marked as failed.
,testrun-2024-02-18-15-43/trial-02-0072/0000,{},False,,,,,None,,,,
69,testrun-2024-02-18-15-43/trial-02-0072/0001,"{""field"": ""[\""status\"", \""usersRevision\""]"", ""testcase"": ""string-empty""}",True,,message='pod: pgo-76698867bf-fm99m container [operator] restart_count [1]',,,None,,FALSE,Sets usersRevision value to be empty,test-cluster-backup is a job. Completed pod is marked as failed.
,testrun-2024-02-18-15-43/trial-02-0073/0000,{},False,,,,,None,,,,
70,testrun-2024-02-18-15-43/trial-02-0073/0001,"{""field"": ""[\""spec\"", \""backups\"", \""pgbackrest\"", \""image\""]"", ""testcase"": ""string-deletion""}",True,,message='pod: pgo-76698867bf-b75jx container [operator] restart_count [1]',,,None,,ACTO MISOPERATION,Deletes pgbackrest image value,Image value should not be deleted
,testrun-2024-02-18-15-43/trial-02-0074/0000,{},False,,,,,None,,,,
71,testrun-2024-02-18-15-43/trial-02-0074/0001,"{""field"": ""[\""spec\"", \""backups\"", \""pgbackrest\"", \""image\""]"", ""testcase"": ""string-change""}",True,message='Pod test-cluster-backup-pdts-7d2np crashed',"message='statefulset: test-cluster-instance1-vxl5 replicas [1] ready_replicas [None], test-cluster-repo-host replicas [1] ready_replicas [None]\npod: test-cluster-backup-pdts-7d2np, test-cluster-backup-pdts-hjj47, test-cluster-backup-pdts-rd6hl, test-cluster-backup-pdts-rjxjf, test-cluster-backup-pdts-vwgd9, test-cluster-backup-pdts-zhhmz, test-cluster-instance1-vxl5-0, test-cluster-repo-host-0, pgo-76698867bf-c7nzn container [operator] restart_count [4]'",,,None,,ACTO MISOPERATION,Changes pgbackrest image,Image value should not be modified
,testrun-2024-02-18-15-43/trial-02-0075/0000,{},False,,,,,None,,,,
72,testrun-2024-02-18-15-43/trial-02-0075/0001,"{""field"": ""[\""spec\"", \""backups\"", \""pgbackrest\"", \""image\""]"", ""testcase"": ""string-empty""}",True,,message='pod: pgo-76698867bf-6mqjt container [operator] restart_count [1]',,,None,,ACTO MISOPERATION,Sets pgbackrest image to be an empty string,Image value should not be empty
,testrun-2024-02-18-15-43/trial-02-0076/0000,{},False,,,,,None,,,,
,testrun-2024-02-18-15-43/trial-02-0077/0000,{},False,,,,,None,,,,
73,testrun-2024-02-18-15-43/trial-02-0077/0001,"{""field"": ""[\""status\"", \""conditions\"", 0, \""reason\""]"", ""testcase"": ""string-deletion""}",True,,message='pod: pgo-76698867bf-ldchp container [operator] restart_count [1]',,,None,,FALSE,Deletes status conditions resason,test-cluster-backup is a job. Completed pod is marked as failed.
,testrun-2024-02-18-15-43/trial-02-0078/0000,{},False,,,,,None,,,,
74,testrun-2024-02-18-15-43/trial-02-0078/0001,"{""field"": ""[\""status\"", \""conditions\"", 0, \""reason\""]"", ""testcase"": ""string-change""}",True,,message='pod: pgo-76698867bf-xclfm container [operator] restart_count [1]',,,None,,FALSE,Changes status.conditions.reason,test-cluster-backup is a job. Completed pod is marked as failed.
,testrun-2024-02-18-15-43/trial-02-0079/0000,{},False,,,,,None,,,,
75,testrun-2024-02-18-15-43/trial-02-0079/0001,"{""field"": ""[\""status\"", \""conditions\"", 0, \""reason\""]"", ""testcase"": ""string-empty""}",True,,message='pod: pgo-76698867bf-zwlr8 container [operator] restart_count [1]',,,None,,FALSE,Sets status.condition.reason to be empty,test-cluster-backup is a job. Completed pod is marked as failed.
,testrun-2024-02-18-15-43/trial-02-0080/0000,{},False,,,,,None,,,,
,testrun-2024-02-18-15-43/trial-02-0080/0001,"{""field"": ""[\""spec\"", \""instances\"", 0, \""walVolumeClaimSpec\"", \""dataSource\"", \""name\""]"", ""testcase"": ""invalid-name""}",False,,,,,None,,,,
76,testrun-2024-02-18-15-43/trial-02-0080/0002,"{""field"": """", ""testcase"": ""revert""}",True,,message='pod: pgo-76698867bf-cghbj container [operator] restart_count [1]',,,None,,FALSE,Not sure what acto is doing here since field is empty,test-cluster-backup is a job. Completed pod is marked as failed.
77,testrun-2024-02-18-15-43/trial-02-0080/0003,"{""field"": ""[\""spec\"", \""users\"", 0, \""databases\"", 0]"", ""testcase"": ""string-deletion""}",True,,message='pod: pgo-76698867bf-cghbj container [operator] restart_count [2]',,,None,,FALSE,Deletes the value of the first element of databases array,test-cluster-backup is a job. Completed pod is marked as failed.
,testrun-2024-02-18-15-43/trial-02-0081/0000,{},False,,,,,None,,,,
78,testrun-2024-02-18-15-43/trial-02-0081/0001,"{""field"": ""[\""spec\"", \""users\"", 0, \""databases\"", 0]"", ""testcase"": ""string-change""}",True,,message='pod: pgo-76698867bf-2j877 container [operator] restart_count [1]',,,None,,FALSE,Changes the value of the first element of databases array,test-cluster-backup is a job. Completed pod is marked as failed.
,testrun-2024-02-18-15-43/trial-02-0082/0000,{},False,,,,,None,,,,
,testrun-2024-02-18-15-43/trial-02-0082/0001,"{""field"": ""[\""spec\"", \""users\"", 0, \""databases\"", 0]"", ""testcase"": ""string-empty""}",False,,,,,None,,,,
79,testrun-2024-02-18-15-43/trial-02-0082/0002,"{""field"": """", ""testcase"": ""revert""}",True,,message='pod: pgo-76698867bf-jt4hj container [operator] restart_count [1]',,,None,,FALSE,Not sure what acto is doing here since field is empty,test-cluster-backup is a job. Completed pod is marked as failed.
80,testrun-2024-02-18-15-43/trial-02-0082/0003,"{""field"": ""[\""spec\"", \""backups\"", \""pgbackrest\"", \""restore\"", \""options\""]"", ""testcase"": ""array-deletion""}",True,,message='pod: pgo-76698867bf-jt4hj container [operator] restart_count [2]',,,None,,FALSE,Deletes restore options,test-cluster-backup is a job. Completed pod is marked as failed.
,testrun-2024-02-18-15-43/trial-02-0083/0000,{},False,,,,,None,,,,
81,testrun-2024-02-18-15-43/trial-02-0083/0001,"{""field"": ""[\""spec\"", \""backups\"", \""pgbackrest\"", \""restore\"", \""options\""]"", ""testcase"": ""array-push""}",True,,message='pod: pgo-76698867bf-77kq5 container [operator] restart_count [1]',,,None,,FALSE,Adds one element to restore options,test-cluster-backup is a job. Completed pod is marked as failed.
,testrun-2024-02-18-15-43/trial-02-0084/0000,{},False,,,,,None,,,,
82,testrun-2024-02-18-15-43/trial-02-0084/0001,"{""field"": ""[\""spec\"", \""backups\"", \""pgbackrest\"", \""restore\"", \""options\""]"", ""testcase"": ""array-pop""}",True,,message='pod: pgo-76698867bf-zfl4q container [operator] restart_count [1]',,,None,,FALSE,Pops one element from restore options,test-cluster-backup is a job. Completed pod is marked as failed.
,testrun-2024-02-18-15-43/trial-02-0085/0000,{},False,,,,,None,,,,
,testrun-2024-02-18-15-43/trial-02-0086/0000,{},False,,,,,None,,,,
83,testrun-2024-02-18-15-43/trial-02-0086/0001,"{""field"": ""[\""spec\"", \""backups\"", \""pgbackrest\"", \""restore\"", \""affinity\""]"", ""testcase"": ""k8s-invalid_affinity""}",True,,message='pod: pgo-76698867bf-q5m7r container [operator] restart_count [1]',,,None,,FALSE,Sets restore affinity to be an invalid value,test-cluster-backup is a job. Completed pod is marked as failed.
,testrun-2024-02-18-15-43/trial-02-0087/0000,{},False,,,,,None,,,,
84,testrun-2024-02-18-15-43/trial-02-0087/0001,"{""field"": ""[\""spec\"", \""backups\"", \""pgbackrest\"", \""restore\"", \""affinity\""]"", ""testcase"": ""k8s-null_affinity""}",True,,message='pod: pgo-76698867bf-zdm2m container [operator] restart_count [1]',,,None,,FALSE,Sets restartore affinity to be null,test-cluster-backup is a job. Completed pod is marked as failed.
,testrun-2024-02-18-15-43/trial-02-0088/0000,{},False,,,,,None,,,,
85,testrun-2024-02-18-15-43/trial-02-0088/0001,"{""field"": ""[\""spec\"", \""backups\"", \""pgbackrest\"", \""restore\"", \""tolerations\""]"", ""testcase"": ""array-deletion""}",True,,message='pod: pgo-76698867bf-chxdm container [operator] restart_count [1]',,,None,,FALSE,Deletes restore tolerations,test-cluster-backup is a job. Completed pod is marked as failed.
,testrun-2024-02-18-15-43/trial-02-0089/0000,{},False,,,,,None,,,,
86,testrun-2024-02-18-15-43/trial-02-0089/0001,"{""field"": ""[\""spec\"", \""backups\"", \""pgbackrest\"", \""restore\"", \""tolerations\""]"", ""testcase"": ""array-push""}",True,,message='pod: pgo-76698867bf-ckpb7 container [operator] restart_count [1]',,,None,,FALSE,Adds one element to restore tolerations,test-cluster-backup is a job. Completed pod is marked as failed.
,testrun-2024-02-18-15-43/trial-02-0090/0000,{},False,,,,,None,,,,
87,testrun-2024-02-18-15-43/trial-02-0090/0001,"{""field"": ""[\""spec\"", \""backups\"", \""pgbackrest\"", \""restore\"", \""tolerations\""]"", ""testcase"": ""array-pop""}",True,,message='pod: pgo-76698867bf-fprf9 container [operator] restart_count [1]',,,None,,FALSE,Pops one element from restore tolerations,test-cluster-backup is a job. Completed pod is marked as failed.
,testrun-2024-02-18-15-43/trial-02-0091/0000,{},False,,,,,None,,,,
88,testrun-2024-02-18-15-43/trial-02-0091/0001,"{""field"": ""[\""spec\"", \""backups\"", \""pgbackrest\"", \""restore\"", \""tolerations\""]"", ""testcase"": ""array-empty""}",True,,message='pod: pgo-76698867bf-hnrzw container [operator] restart_count [1]',,,None,,FALSE,Sets the restore tolerations array to be empty,test-cluster-backup is a job. Completed pod is marked as failed.
,testrun-2024-02-18-15-43/trial-02-0092/0000,{},False,,,,,None,,,,
89,testrun-2024-02-18-15-43/trial-02-0092/0001,"{""field"": ""[\""spec\"", \""dataSource\"", \""pgbackrest\"", \""repo\"", \""schedules\"", \""incremental\""]"", ""testcase"": ""string-deletion""}",True,message='Pod test-cluster-backup-2jxq-4mj2w crashed',"message='pod: test-cluster-backup-2jxq-4mj2w, test-cluster-backup-2jxq-c5pkc, test-cluster-backup-2jxq-q695z, test-cluster-pgbackrest-restore-k8thv, test-cluster-pgbackrest-restore-l5mjr, test-cluster-pgbackrest-restore-lv54b, test-cluster-pgbackrest-restore-nvlk8, test-cluster-pgbackrest-restore-vjqk5, test-cluster-pgbackrest-restore-xx48x, pgo-76698867bf-9pw7g container [operator] restart_count [3]'",,,None,,FALSE,Deletes string value for pgbackrest.repo.schedules.incremental,test-cluster-backup is a job. Completed pod is marked as failed.
,testrun-2024-02-18-15-43/trial-02-0093/0000,{},False,,,,,None,,,,
90,testrun-2024-02-18-15-43/trial-02-0093/0001,"{""field"": ""[\""spec\"", \""dataSource\"", \""pgbackrest\"", \""repo\"", \""schedules\"", \""incremental\""]"", ""testcase"": ""string-change""}",True,message='Pod test-cluster-backup-drqd-n6jvd crashed',"message='pod: test-cluster-backup-drqd-mxqc2, test-cluster-backup-drqd-n6jvd, test-cluster-backup-drqd-nrrhp, test-cluster-pgbackrest-restore-2zq58, test-cluster-pgbackrest-restore-4v86h, test-cluster-pgbackrest-restore-6w4xg, test-cluster-pgbackrest-restore-mwv6f, test-cluster-pgbackrest-restore-rsjnh, test-cluster-pgbackrest-restore-tnlk2, pgo-76698867bf-zg9wv container [operator] restart_count [3]'",,,None,,FALSE,Changes string value for pgbackrest.repo.schedules.incremental,test-cluster-backup is a job. Completed pod is marked as failed.
,testrun-2024-02-18-15-43/trial-02-0094/0000,{},False,,,,,None,,,,
,testrun-2024-02-18-15-43/trial-02-0094/0001,"{""field"": ""[\""spec\"", \""dataSource\"", \""pgbackrest\"", \""repo\"", \""schedules\"", \""incremental\""]"", ""testcase"": ""string-empty""}",False,,,,,None,,,,
91,testrun-2024-02-18-15-43/trial-02-0094/0002,"{""field"": """", ""testcase"": ""revert""}",True,,message='pod: pgo-76698867bf-fqk4n container [operator] restart_count [1]',,,None,,FALSE,Not sure what acto is doing since field is empty,test-cluster-backup is a job. Completed pod is marked as failed.
92,testrun-2024-02-18-15-43/trial-02-0094/0003,"{""field"": ""[\""spec\"", \""userInterface\"", \""pgAdmin\"", \""dataVolumeClaimSpec\""]"", ""testcase"": ""object-deletion""}",True,,message='pod: pgo-76698867bf-fqk4n container [operator] restart_count [2]',,,None,,FALSE,Deletes pgAdmin dataVolumeClaimSpec obect,test-cluster-backup is a job. Completed pod is marked as failed.
,testrun-2024-02-18-15-43/trial-02-0095/0000,{},False,,,,,None,,,,
,testrun-2024-02-18-15-43/trial-02-0096/0000,{},False,,,,,None,,,,
93,testrun-2024-02-18-15-43/trial-02-0096/0001,"{""field"": ""[\""status\"", \""registrationRequired\"", \""pgoVersion\""]"", ""testcase"": ""string-deletion""}",True,,message='pod: pgo-76698867bf-xg6t7 container [operator] restart_count [1]',,,None,,FALSE,Deletes pgoVersion value,test-cluster-backup is a job. Completed pod is marked as failed.
,testrun-2024-02-18-15-43/trial-02-0097/0000,{},False,,,,,None,,,,
94,testrun-2024-02-18-15-43/trial-02-0097/0001,"{""field"": ""[\""status\"", \""registrationRequired\"", \""pgoVersion\""]"", ""testcase"": ""string-change""}",True,,message='pod: pgo-76698867bf-lztsq container [operator] restart_count [1]',,,None,,FALSE,Changes pgoVersion value,test-cluster-backup is a job. Completed pod is marked as failed.
,testrun-2024-02-18-15-43/trial-02-0098/0000,{},False,,,,,None,,,,
95,testrun-2024-02-18-15-43/trial-02-0098/0001,"{""field"": ""[\""status\"", \""registrationRequired\"", \""pgoVersion\""]"", ""testcase"": ""string-empty""}",True,,message='pod: pgo-76698867bf-9b8kb container [operator] restart_count [1]',,,None,,FALSE,Sets pgoVersion value to be empty,test-cluster-backup is a job. Completed pod is marked as failed.
,testrun-2024-02-18-15-43/trial-02-0099/0000,{},False,,,,,None,,,,
96,testrun-2024-02-18-15-43/trial-02-0099/0001,"{""field"": ""[\""spec\"", \""backups\"", \""pgbackrest\"", \""sidecars\"", \""pgbackrestConfig\"", \""resources\"", \""requests\""]"", ""testcase"": ""object-deletion""}",True,message='Pod test-cluster-backup-l4mh-6czrd crashed',"message='statefulset: test-cluster-instance1-9psp replicas [0] ready_replicas [None], test-cluster-repo-host replicas [0] ready_replicas [None]\npod: test-cluster-backup-l4mh-6czrd, test-cluster-backup-l4mh-jzzdx, test-cluster-backup-l4mh-m7vh8, test-cluster-backup-l4mh-r8tk2, test-cluster-backup-l4mh-rfzfq, pgo-76698867bf-7m7sl container [operator] restart_count [2]'",,,None,,FALSE,Changes string value for pgbackrest.repo.schedules.incremental,test-cluster-backup is a job. Completed pod is marked as failed.
,testrun-2024-02-18-15-43/trial-02-0100/0000,{},False,,,,,None,,,,
97,testrun-2024-02-18-15-43/trial-02-0100/0001,"{""field"": ""[\""spec\"", \""backups\"", \""pgbackrest\"", \""sidecars\"", \""pgbackrestConfig\"", \""resources\"", \""requests\""]"", ""testcase"": ""object-empty""}",True,,message='pod: pgo-76698867bf-9jjd5 container [operator] restart_count [1]',,,None,,FALSE,Sets pgbackrestConfig resouce request to be an empty object,test-cluster-backup is a job. Completed pod is marked as failed.
,testrun-2024-02-18-15-43/trial-02-0101/0000,{},False,,,,,None,,,,
98,testrun-2024-02-18-15-43/trial-02-0101/0001,"{""field"": ""[\""spec\"", \""backups\"", \""pgbackrest\"", \""configuration\"", 0, \""downwardAPI\"", \""items\"", 0, \""resourceFieldRef\"", \""divisor\""]"", ""testcase"": ""k8s-quantity_increase""}",True,message='Pod test-cluster-backup-zf7m-4qq2f crashed',"message='statefulset: test-cluster-instance1-v9s6 replicas [0] ready_replicas [None], test-cluster-repo-host replicas [0] ready_replicas [None]\npod: test-cluster-backup-zf7m-4qq2f, test-cluster-backup-zf7m-bjrdj, test-cluster-backup-zf7m-nc6c6, test-cluster-backup-zf7m-tjbwg, test-cluster-backup-zf7m-zflr4, pgo-76698867bf-m8hzk container [operator] restart_count [2]'",,,None,,FALSE,Sets pgbackrest resource config object to empty,test-cluster-backup is a job. Completed pod is marked as failed.
,testrun-2024-02-18-15-43/trial-02-0102/0000,{},False,,,,,None,,,,
99,testrun-2024-02-18-15-43/trial-02-0102/0001,"{""field"": ""[\""spec\"", \""backups\"", \""pgbackrest\"", \""configuration\"", 0, \""downwardAPI\"", \""items\"", 0, \""resourceFieldRef\"", \""divisor\""]"", ""testcase"": ""k8s-quantity_decrease""}",True,message='Pod test-cluster-backup-hhdt-7jcr2 crashed',"message='statefulset: test-cluster-instance1-kj8s replicas [0] ready_replicas [None], test-cluster-repo-host replicas [0] ready_replicas [None]\npod: test-cluster-backup-hhdt-7jcr2, test-cluster-backup-hhdt-cdskg, test-cluster-backup-hhdt-lkgp5, test-cluster-backup-hhdt-lz548, test-cluster-backup-hhdt-rrb2d, pgo-76698867bf-k8fsz container [operator] restart_count [2]'",,,None,,FALSE,Decreases resourceRef divisor,test-cluster-backup is a job. Completed pod is marked as failed.
,testrun-2024-02-18-15-43/trial-02-0103/0000,{},False,,,,,None,,,,
100,testrun-2024-02-18-15-43/trial-02-0103/0001,"{""field"": ""[\""status\"", \""pgbackrest\"", \""scheduledBackups\"", 0, \""type\""]"", ""testcase"": ""string-deletion""}",True,,message='pod: pgo-76698867bf-gm8p8 container [operator] restart_count [1]',,,None,,FALSE,Deletes the type value of the first element of scheduledBackups,test-cluster-backup is a job. Completed pod is marked as failed.
,testrun-2024-02-18-15-43/trial-02-0104/0000,{},False,,,,,None,,,,
,testrun-2024-02-18-15-43/trial-02-0104/0001,"{""field"": ""[\""status\"", \""pgbackrest\"", \""scheduledBackups\"", 0, \""type\""]"", ""testcase"": ""string-change""}",True,,message='pod: pgo-76698867bf-mwx86 container [operator] restart_count [1]',,,None,,,,
,testrun-2024-02-18-15-43/trial-02-0105/0000,{},False,,,,,None,,,,
,testrun-2024-02-18-15-43/trial-02-0106/0000,{},False,,,,,None,,,,
,testrun-2024-02-18-15-43/trial-02-0106/0001,"{""field"": ""[\""spec\"", \""instances\"", 0, \""walVolumeClaimSpec\"", \""resources\"", \""limits\"", \""ACTOKEY\""]"", ""testcase"": ""string-change""}",False,,,,,None,,,,
,testrun-2024-02-18-15-43/trial-02-0106/0002,"{""field"": """", ""testcase"": ""revert""}",True,,message='pod: pgo-76698867bf-4fv9k container [operator] restart_count [1]',,,None,,,,
,testrun-2024-02-18-15-43/trial-02-0106/0003,"{""field"": ""[\""spec\"", \""instances\"", 0, \""containers\"", 0, \""startupProbe\""]"", ""testcase"": ""k8s-http_probe""}",False,,,,,None,,,,
,testrun-2024-02-18-15-43/trial-02-0106/0004,"{""field"": """", ""testcase"": ""revert""}",True,,message='pod: pgo-76698867bf-4fv9k container [operator] restart_count [2]',,,None,,,,
,testrun-2024-02-18-15-43/trial-02-0106/0005,"{""field"": ""[\""spec\"", \""instances\"", 0, \""containers\"", 0, \""startupProbe\""]"", ""testcase"": ""k8s-tcp_probe""}",True,,message='pod: pgo-76698867bf-4fv9k container [operator] restart_count [3]',,,None,,,,
,testrun-2024-02-18-15-43/trial-02-0107/0000,{},False,,,,,None,,,,
,testrun-2024-02-18-15-43/trial-02-0107/0001,"{""field"": ""[\""spec\"", \""instances\"", 0, \""containers\"", 0, \""startupProbe\""]"", ""testcase"": ""k8s-exec_probe""}",True,,message='pod: pgo-76698867bf-nvvp2 container [operator] restart_count [1]',,,None,,,,
,testrun-2024-02-18-15-43/trial-02-0108/0000,{},False,,,,,None,,,,
,testrun-2024-02-18-15-43/trial-02-0108/0001,"{""field"": ""[\""spec\"", \""backups\"", \""pgbackrest\"", \""repos\"", 0, \""s3\"", \""region\""]"", ""testcase"": ""string-deletion""}",True,,message='pod: pgo-76698867bf-xxvk4 container [operator] restart_count [1]',,,None,,,,
,testrun-2024-02-18-15-43/trial-02-0109/0000,{},False,,,,,None,,,,
,testrun-2024-02-18-15-43/trial-02-0109/0001,"{""field"": ""[\""spec\"", \""backups\"", \""pgbackrest\"", \""repos\"", 0, \""s3\"", \""region\""]"", ""testcase"": ""string-change""}",True,,message='pod: pgo-76698867bf-vmfqs container [operator] restart_count [1]',,,None,,,,
,testrun-2024-02-18-15-43/trial-02-0110/0000,{},False,,,,,None,,,,
,testrun-2024-02-18-15-43/trial-02-0110/0001,"{""field"": ""[\""spec\"", \""backups\"", \""pgbackrest\"", \""repos\"", 0, \""s3\"", \""region\""]"", ""testcase"": ""string-empty""}",True,,message='pod: pgo-76698867bf-g975r container [operator] restart_count [1]',,,None,,,,
,testrun-2024-02-18-15-43/trial-02-0111/0000,{},False,,,,,None,,,,
,testrun-2024-02-18-15-43/trial-02-0111/0001,"{""field"": ""[\""spec\"", \""proxy\"", \""pgBouncer\"", \""config\"", \""users\""]"", ""testcase"": ""object-deletion""}",True,message='Pod test-cluster-pgbouncer-7b46d4487f-bpvkr crashed',"message='deployment: test-cluster-pgbouncer replicas [1] ready_replicas [None], test-cluster-pgbouncer condition [Available] status [False] message [Deployment does not have minimum availability.]\npod: pgo-76698867bf-rnctl container [operator] restart_count [4], test-cluster-pgbouncer-7b46d4487f-bpvkr container [pgbouncer] restart_count [6]'",,,None,,,,
,testrun-2024-02-18-15-43/trial-02-0112/0000,{},False,,,,,None,,,,
,testrun-2024-02-18-15-43/trial-02-0112/0001,"{""field"": ""[\""spec\"", \""proxy\"", \""pgBouncer\"", \""config\"", \""users\""]"", ""testcase"": ""object-empty""}",True,,message='pod: pgo-76698867bf-h662s container [operator] restart_count [1]',,,None,,,,
,testrun-2024-02-18-15-43/trial-02-0113/0000,{},False,,,,,None,,,,
,testrun-2024-02-18-15-43/trial-02-0114/0000,{},False,,,,,None,,,,
,testrun-2024-02-18-15-43/trial-02-0114/0001,"{""field"": ""[\""spec\"", \""dataSource\"", \""pgbackrest\""]"", ""testcase"": ""object-deletion""}",False,,,,,None,,,,
,testrun-2024-02-18-15-43/trial-02-0114/0002,"{""field"": """", ""testcase"": ""revert""}",True,,message='pod: pgo-76698867bf-pvtk9 container [operator] restart_count [1]',,,None,,,,
,testrun-2024-02-18-15-43/trial-02-0114/0003,"{""field"": ""[\""spec\"", \""dataSource\"", \""pgbackrest\""]"", ""testcase"": ""object-empty""}",False,,,,,None,,,,
,testrun-2024-02-18-15-43/trial-02-0114/0004,"{""field"": """", ""testcase"": ""revert""}",True,,message='pod: pgo-76698867bf-pvtk9 container [operator] restart_count [2]',,,None,,,,
,testrun-2024-02-18-15-43/trial-02-0114/0005,"{""field"": ""[\""spec\"", \""proxy\"", \""pgBouncer\"", \""service\"", \""nodePort\""]"", ""testcase"": ""integer-deletion""}",True,,message='pod: pgo-76698867bf-pvtk9 container [operator] restart_count [5]',,,None,,,,
,testrun-2024-02-18-15-43/trial-02-0115/0000,{},False,,,,,None,,,,
,testrun-2024-02-18-15-43/trial-02-0115/0001,"{""field"": ""[\""spec\"", \""proxy\"", \""pgBouncer\"", \""service\"", \""nodePort\""]"", ""testcase"": ""integer-change""}",True,,message='pod: pgo-76698867bf-drcvd container [operator] restart_count [4]',,,None,,,,
,testrun-2024-02-18-15-43/trial-02-0116/0000,{},False,,,,,None,,,,
,testrun-2024-02-18-15-43/trial-02-0116/0001,"{""field"": ""[\""spec\"", \""instances\"", 0, \""sidecars\"", \""replicaCertCopy\"", \""resources\"", \""requests\""]"", ""testcase"": ""object-deletion""}",True,,message='pod: pgo-76698867bf-cctph container [operator] restart_count [1]',,"message='Found no matching fields for input' input_diff=Diff(prev='NotPresent', curr='56316362E+442.', path=[""spec"", ""instances"", 0, ""sidecars"", ""replicaCertCopy"", ""resources"", ""requests"", ""ACTOKEY""]) system_state_diff=None",None,,,,
,testrun-2024-02-18-15-43/trial-02-0117/0000,{},False,,,,,None,,,,
,testrun-2024-02-18-15-43/trial-02-0117/0001,"{""field"": ""[\""spec\"", \""instances\"", 0, \""sidecars\"", \""replicaCertCopy\"", \""resources\"", \""requests\""]"", ""testcase"": ""object-empty""}",True,,message='pod: pgo-76698867bf-wccfn container [operator] restart_count [1]',,,None,,,,
,testrun-2024-02-18-15-43/trial-02-0118/0000,{},False,,,,,None,,,,
,testrun-2024-02-18-15-43/trial-02-0118/0001,"{""field"": ""[\""spec\"", \""instances\"", 0, \""tablespaceVolumes\"", 0, \""dataVolumeClaimSpec\"", \""resources\"", \""limits\""]"", ""testcase"": ""object-deletion""}",True,,message='pod: pgo-76698867bf-dhf4r container [operator] restart_count [1]',,,None,,,,
,testrun-2024-02-18-15-43/trial-02-0119/0000,{},False,,,,,None,,,,
,testrun-2024-02-18-15-43/trial-02-0119/0001,"{""field"": ""[\""spec\"", \""instances\"", 0, \""tablespaceVolumes\"", 0, \""dataVolumeClaimSpec\"", \""resources\"", \""limits\""]"", ""testcase"": ""object-empty""}",True,,message='pod: pgo-76698867bf-pckqz container [operator] restart_count [1]',,,None,,,,
,testrun-2024-02-18-15-43/trial-02-0120/0000,{},False,,,,,None,,,,
,testrun-2024-02-18-15-43/trial-02-0120/0001,"{""field"": ""[\""spec\"", \""instances\"", 0, \""name\""]"", ""testcase"": ""invalid-name""}",False,,,,,None,,,,
,testrun-2024-02-18-15-43/trial-02-0120/0002,"{""field"": """", ""testcase"": ""revert""}",True,,message='pod: pgo-76698867bf-fdzc7 container [operator] restart_count [1]',,,None,,,,
,testrun-2024-02-18-15-43/trial-03-0000/0000,{},False,,,,,None,,,,
,testrun-2024-02-18-15-43/trial-03-0000/0001,"{""field"": ""[\""spec\"", \""backups\"", \""pgbackrest\"", \""restore\"", \""repoName\""]"", ""testcase"": ""string-deletion""}",True,,message='pod: pgo-76698867bf-wrrhk container [operator] restart_count [1]',,,None,,,,
,testrun-2024-02-18-15-43/trial-03-0001/0000,{},False,,,,,None,,,,
,testrun-2024-02-18-15-43/trial-03-0001/0001,"{""field"": ""[\""spec\"", \""backups\"", \""pgbackrest\"", \""restore\"", \""repoName\""]"", ""testcase"": ""string-change""}",True,,message='pod: pgo-76698867bf-8ctgx container [operator] restart_count [1]',,,None,,,,
,testrun-2024-02-18-15-43/trial-03-0002/0000,{},False,,,,,None,,,,
,testrun-2024-02-18-15-43/trial-03-0002/0001,"{""field"": ""[\""spec\"", \""backups\"", \""pgbackrest\"", \""restore\"", \""repoName\""]"", ""testcase"": ""string-empty""}",False,,,,,None,,,,
,testrun-2024-02-18-15-43/trial-03-0002/0002,"{""field"": """", ""testcase"": ""revert""}",True,,message='pod: pgo-76698867bf-xqkqp container [operator] restart_count [1]',,,None,,,,
,testrun-2024-02-18-15-43/trial-03-0002/0003,"{""field"": ""[\""spec\"", \""backups\"", \""pgbackrest\"", \""repos\"", 0, \""volume\"", \""volumeClaimSpec\"", \""resources\"", \""limits\""]"", ""testcase"": ""object-deletion""}",True,,message='pod: pgo-76698867bf-xqkqp container [operator] restart_count [2]',,"message='Found no matching fields for input' input_diff=Diff(prev='NotPresent', curr='9098.74', path=[""spec"", ""backups"", ""pgbackrest"", ""repos"", 0, ""volume"", ""volumeClaimSpec"", ""resources"", ""limits"", ""ACTOKEY""]) system_state_diff=None",None,,,,
,testrun-2024-02-18-15-43/trial-03-0003/0000,{},False,,,,,None,,,,
,testrun-2024-02-18-15-43/trial-03-0003/0001,"{""field"": ""[\""spec\"", \""backups\"", \""pgbackrest\"", \""repos\"", 0, \""volume\"", \""volumeClaimSpec\"", \""resources\"", \""limits\""]"", ""testcase"": ""object-empty""}",True,,message='pod: pgo-76698867bf-fx474 container [operator] restart_count [1]',,,None,,,,